DATE,priceindex,percapitagdp,personalincome,unemprate,fedfundsinterestrate,fixmortgagerate15years,personalsavingrate,laborforceparticipationrate,workingpopulation,medianhouseincome,energyindex,constructionspending,totalnewhouseunits,housingsubsidies,totalhouseholds
2003-01-01,128.461,50462.0,10710.4,5.8,1.24,5.304,5.3,66.4,185635346.37315,65860.0,79.4541658527736,863855.0,1654.0,25.93,111278.0
2003-02-01,129.355,50573.333333333336,10674.0,5.9,1.26,5.22,5.2,66.4,185869692.256356,65860.0,90.8892642513114,859225.0,1688.0,25.93,111278.0
2003-03-01,130.148,50684.666666666664,10696.5,5.9,1.25,5.065,4.9,66.3,186085118.209936,65860.0,80.5921948003378,851132.0,1638.0,25.93,111278.0
2003-04-01,130.884,50796.0,10752.7,6.0,1.26,5.1175,5.0,66.4,186470753.987361,65860.0,70.8471973021957,859459.0,1662.0,25.93,111278.0
2003-05-01,131.735,51034.666666666664,10832.0,6.1,1.26,4.86,5.3,66.4,186649077.97267705,65860.0,72.8786760553799,866814.0,1733.0,25.93,111278.0
2003-06-01,132.649,51273.333333333336,10860.6,6.3,1.22,4.6275,5.1,66.5,186800679.576504,65860.0,76.2041201992688,880865.0,1641.0,25.93,111278.0
2003-07-01,133.77700000000002,51512.0,10991.1,6.2,1.01,4.9675,5.9,66.2,187066500.33798295,65860.0,75.2613839004993,891264.0,1680.0,25.93,111278.0
2003-08-01,134.969,51670.0,11066.7,6.1,1.03,5.588,5.7,66.1,187304009.475925,65860.0,77.1777817819796,901839.0,1570.0,25.93,111278.0
2003-09-01,136.29399999999998,51828.0,10940.8,6.1,1.01,5.4575,4.9,66.1,187538981.253475,65860.0,71.9842380150344,911589.0,1719.0,25.93,111278.0
2003-10-01,137.531,51986.0,10982.3,6.0,1.01,5.274,5.0,66.1,187738514.819484,65860.0,75.7176747748298,925732.0,1728.0,25.93,111278.0
2003-11-01,138.79399999999998,52050.333333333336,11048.4,5.8,1.0,5.2725,5.0,66.1,187972351.58827305,65860.0,75.9402499088571,925985.0,1692.0,25.93,111278.0
2003-12-01,140.179,52114.666666666664,11057.2,5.7,0.98,5.204,5.0,65.9,188136094.87789,65860.0,82.2737346812493,948491.0,1716.0,25.93,111278.0
2004-01-01,141.64600000000002,52179.0,11051.2,5.7,1.0,5.015,4.6,66.1,187688839.482615,65760.0,85.6153840214917,938525.0,1709.0,27.201,112000.0
2004-02-01,143.192,52275.666666666664,11071.0,5.6,1.01,4.9375,4.6,66.0,187876003.023031,65760.0,83.783437036665,937813.0,1718.0,27.201,112000.0
2004-03-01,145.059,52372.333333333336,11115.6,5.8,1.0,4.74,4.5,66.0,188058175.618794,65760.0,86.8433601262431,961159.0,1794.0,27.201,112000.0
2004-04-01,146.593,52469.0,11153.3,5.6,1.0,5.158,4.9,65.9,188320660.933455,65760.0,89.1797524060354,967602.0,1938.0,27.201,112000.0
2004-05-01,148.186,52591.0,11208.9,5.6,1.0,5.6375,4.8,66.0,188475226.058824,65760.0,97.5669900143751,974381.0,1893.0,27.201,112000.0
2004-06-01,149.85,52713.0,11215.8,5.6,1.03,5.66,5.4,66.1,188689296.34988895,65760.0,95.460292171924,983087.0,1857.0,27.201,112000.0
2004-07-01,151.338,52835.0,11240.5,5.5,1.26,5.464,4.7,66.1,188839779.735266,65760.0,99.6556799959164,1006184.0,1881.0,27.201,112000.0
2004-08-01,152.63299999999998,52970.666666666664,11274.6,5.4,1.43,5.26,4.7,66.0,189070874.198522,65760.0,105.169549215183,1013616.0,1911.0,27.201,112000.0
2004-09-01,154.179,53106.333333333336,11279.6,5.4,1.61,5.144,4.1,65.8,189216972.380313,65760.0,103.984793896605,1012080.0,1796.0,27.201,112000.0
2004-10-01,155.75,53242.0,11282.5,5.5,1.76,5.115,3.9,65.9,189444450.963992,65760.0,117.282470409864,1015719.0,1839.0,27.201,112000.0
2004-11-01,157.52700000000002,53401.0,11246.1,5.4,1.93,5.135,3.4,66.0,189655307.838414,65760.0,109.00453495989,1022994.0,1758.0,27.201,112000.0
2004-12-01,159.33,53560.0,11659.0,5.4,2.16,5.178,6.2,65.9,189811053.36688295,65760.0,103.468877350763,1037480.0,1921.0,27.201,112000.0
2005-01-01,161.28799999999998,53719.0,11226.5,5.3,2.28,5.1725,2.7,65.8,189990144.46577495,66780.0,108.963342886004,1046082.0,1892.0,27.651,113343.0
2005-02-01,163.344,53768.666666666664,11229.0,5.4,2.5,5.15,2.3,65.9,190144602.89026895,66780.0,110.972849785124,1066848.0,1908.0,27.651,113343.0
2005-03-01,165.812,53818.333333333336,11268.8,5.2,2.63,5.464,2.5,65.9,190460726.509212,66780.0,124.990154019554,1071745.0,1787.0,27.651,113343.0
2005-04-01,167.50099999999998,53868.0,11304.2,5.2,2.79,5.4075,2.1,66.1,190466075.803662,66780.0,126.269303437212,1081012.0,1927.0,27.651,113343.0
2005-05-01,169.351,53963.0,11352.7,5.1,3.0,5.28,2.6,66.1,190709890.602971,66780.0,119.6884745205,1093341.0,2103.0,27.651,113343.0
2005-06-01,171.19,54058.0,11375.5,5.0,3.04,5.168,2.0,66.1,190962474.634275,66780.0,130.909378195066,1105896.0,1965.0,27.651,113343.0
2005-07-01,172.86,54153.0,11387.1,5.0,3.26,5.2775,1.4,66.1,191114389.968375,66780.0,137.45817507001,1119101.0,1886.0,27.651,113343.0
2005-08-01,174.442,54207.666666666664,11405.3,4.9,3.5,5.4,2.0,66.2,191266452.871752,66780.0,151.521563709579,1129163.0,1952.0,27.651,113343.0
2005-09-01,176.438,54262.333333333336,11365.2,5.0,3.62,5.358,2.0,66.1,191438220.909398,66780.0,160.761714874947,1148438.0,1922.0,27.651,113343.0
2005-10-01,178.028,54317.0,11428.7,5.0,3.78,5.625,2.3,66.1,191655197.459811,66780.0,158.701217459353,1160831.0,1962.0,27.651,113343.0
2005-11-01,179.68,54520.333333333336,11500.1,5.0,4.0,5.8625,2.6,66.0,191932856.777771,66780.0,143.803193387395,1172090.0,1907.0,27.651,113343.0
2005-12-01,180.91,54723.666666666664,11535.2,4.9,4.16,5.816,2.5,66.0,192145684.546109,66780.0,152.895045231843,1184677.0,1941.0,27.651,113343.0
2006-01-01,182.321,54927.0,11651.8,4.7,4.29,5.71,3.0,66.0,192351175.115582,67520.0,152.349313115297,1195642.0,2036.0,28.604,114384.0
2006-02-01,183.287,54933.0,11702.8,4.8,4.49,5.86,3.2,66.1,192542751.521493,67520.0,146.048007608321,1205639.0,2048.0,28.604,114384.0
2006-03-01,184.364,54939.0,11747.5,4.7,4.59,5.968,3.3,66.2,192688879.143996,67520.0,147.288823149419,1205169.0,2245.0,28.604,114384.0
2006-04-01,184.329,54945.0,11744.4,4.7,4.79,6.155,3.1,66.1,192814750.630729,67520.0,160.522028047458,1193296.0,2071.0,28.604,114384.0
2006-05-01,184.156,54925.333333333336,11736.8,4.6,4.94,6.205,2.9,66.1,192912759.185218,67520.0,159.912510529106,1180581.0,1897.0,28.604,114384.0
2006-06-01,183.507,54905.666666666664,11751.9,4.6,4.99,6.306,2.9,66.2,193147767.04692295,67520.0,159.629510817061,1172128.0,2050.0,28.604,114384.0
2006-07-01,183.068,54886.0,11746.9,4.7,5.24,6.39,2.3,66.1,193315277.68087,67520.0,166.924800371819,1157926.0,1934.0,28.604,114384.0
2006-08-01,182.594,54996.0,11737.0,4.7,5.25,6.198,2.5,66.2,193456234.309971,67520.0,167.897492655972,1145907.0,1877.0,28.604,114384.0
2006-09-01,182.798,55106.0,11800.1,4.5,5.25,6.0775,2.4,66.1,193556767.582028,67520.0,145.649770471867,1135753.0,2011.0,28.604,114384.0
2006-10-01,183.198,55216.0,11853.7,4.4,5.25,6.05,2.4,66.2,193703230.089313,67520.0,140.295031138321,1122914.0,1918.0,28.604,114384.0
2006-11-01,183.609,55230.666666666664,11901.9,4.5,5.25,5.956,2.7,66.3,193949729.62242305,67520.0,144.643440097302,1121749.0,1893.0,28.604,114384.0
2006-12-01,184.139,55245.333333333336,11958.6,4.4,5.24,5.88,2.6,66.4,194181587.897399,67520.0,147.260667183159,1135406.0,1888.0,28.604,114384.0
2007-01-01,184.517,55260.0,11956.6,4.6,5.25,5.965,2.4,66.4,194951758.751848,68610.0,134.713040781543,1137917.0,1822.0,29.512,116011.0
2007-02-01,184.598,55331.333333333336,11996.0,4.5,5.26,6.02,2.8,66.3,195126741.73179305,68610.0,145.026825191246,1139032.0,1640.0,29.512,116011.0
2007-03-01,184.15,55402.666666666664,12035.1,4.4,5.26,5.884,3.0,66.2,195232594.445134,68610.0,148.29818701874,1146624.0,1623.0,29.512,116011.0
2007-04-01,183.01,55474.0,12052.8,4.5,5.25,5.8825,3.0,65.9,195285473.944645,68610.0,156.852961131099,1150590.0,1539.0,29.512,116011.0
2007-05-01,181.6,55532.333333333336,12059.9,4.4,5.25,5.968,2.8,66.0,195378957.753014,68610.0,157.716476638741,1161581.0,1536.0,29.512,116011.0
2007-06-01,180.254,55590.666666666664,12053.3,4.6,5.25,6.34,2.7,66.0,195626531.991346,68610.0,162.327162647887,1163511.0,1481.0,29.512,116011.0
2007-07-01,179.111,55649.0,12066.4,4.7,5.26,6.36,2.6,66.0,195763504.072784,68610.0,168.822275060673,1155448.0,1534.0,29.512,116011.0
2007-08-01,178.116,55718.333333333336,12070.9,4.6,5.02,6.234,2.2,65.8,195850812.920352,68610.0,164.379861177812,1159077.0,1512.0,29.512,116011.0
2007-09-01,177.558,55787.666666666664,12089.6,4.7,4.94,6.0475,2.3,66.0,195981075.168908,68610.0,174.95269920475,1158580.0,1356.0,29.512,116011.0
2007-10-01,176.62400000000002,55857.0,12080.4,4.7,4.76,6.04,2.2,65.8,196079324.765129,68610.0,189.041557010224,1152491.0,1405.0,29.512,116011.0
2007-11-01,175.14700000000002,55737.0,12070.1,4.7,4.49,5.85,1.9,66.0,196221924.559695,68610.0,207.659453538207,1132908.0,1390.0,29.512,116011.0
2007-12-01,174.342,55617.0,12120.5,5.0,4.24,5.7525,2.4,66.0,196456046.63756305,68610.0,206.532852366502,1115141.0,1328.0,29.512,116011.0
2008-01-01,173.132,55497.0,12137.1,5.0,3.94,5.288,2.6,66.2,196086885.646281,66280.0,212.95256526713,1111347.0,1331.0,29.876,116783.0
2008-02-01,171.541,55566.333333333336,12141.8,4.9,2.98,5.44,3.0,66.0,196234596.966847,66280.0,221.207409668071,1096648.0,1274.0,29.876,116783.0
2008-03-01,170.053,55635.666666666664,12145.9,5.1,2.61,5.42,2.9,66.1,196399720.740184,66280.0,236.794999578762,1103446.0,1195.0,29.876,116783.0
2008-04-01,168.338,55705.0,12100.8,5.0,2.28,5.465,2.4,65.9,196185183.956292,66280.0,253.573936320607,1101252.0,1022.0,29.876,116783.0
2008-05-01,166.65900000000002,55562.666666666664,12696.2,5.4,1.98,5.6,6.8,66.1,196465025.840138,66280.0,281.920824527933,1101547.0,1142.0,29.876,116783.0
2008-06-01,165.017,55420.333333333336,12376.6,5.6,2.0,5.91,4.6,66.1,196572839.950144,66280.0,303.745294402926,1090098.0,1142.0,29.876,116783.0
2008-07-01,163.566,55278.0,12188.7,5.8,2.01,5.972,3.6,66.1,196675087.052917,66280.0,308.945845079838,1086952.0,1087.0,29.876,116783.0
2008-08-01,161.987,54832.333333333336,12120.6,6.1,2.0,6.025,3.1,66.1,196811699.220529,66280.0,268.942999904535,1070075.0,1017.0,29.876,116783.0
2008-09-01,160.308,54386.666666666664,12149.0,6.1,1.81,5.64,3.9,66.0,196983627.413106,66280.0,241.157795731331,1059579.0,1160.0,29.876,116783.0
2008-10-01,158.327,53941.0,12240.5,6.5,0.97,5.892,4.9,66.0,197148227.499098,66280.0,188.568081326526,1055959.0,1055.0,29.876,116783.0
2008-11-01,156.142,53701.0,12345.9,6.8,0.39,5.79,6.0,65.9,197282902.994639,66280.0,150.200782451237,1035033.0,1076.0,29.876,116783.0
2008-12-01,153.619,53461.0,12288.8,7.3,0.16,5.038,5.8,65.8,197450630.74704,66280.0,122.672243012022,999139.0,1021.0,29.876,116783.0
2009-01-01,151.507,53221.0,12361.5,7.8,0.15,4.7175,5.9,65.7,196957168.078512,65850.0,125.378276708955,975099.0,777.0,32.883,117181.0
2009-02-01,150.015,53153.0,12241.9,8.3,0.22,4.7725,5.4,65.8,197130254.265795,65850.0,117.722420760494,971708.0,819.0,32.883,117181.0
2009-03-01,148.66,53085.0,12242.7,8.7,0.18,4.6375,5.8,65.6,197296740.796326,65850.0,118.843901173609,963793.0,839.0,32.883,117181.0
2009-04-01,147.94899999999998,53017.0,12320.0,9.0,0.15,4.5,6.5,65.7,197765218.550998,65850.0,119.20519973597,932482.0,846.0,32.883,117181.0
2009-05-01,147.694,53038.333333333336,12500.1,9.4,0.18,4.515,7.8,65.7,197891891.901038,65850.0,133.97993538685,920020.0,818.0,32.883,117181.0
2009-06-01,148.09,53059.666666666664,12273.2,9.5,0.21,4.9025,6.1,65.7,197604115.283094,65850.0,152.982953218604,912530.0,797.0,32.883,117181.0
2009-07-01,148.41,53081.0,12218.7,9.5,0.16,4.692,5.4,65.5,197767457.71878,65850.0,143.464313930351,911438.0,797.0,32.883,117181.0
2009-08-01,148.278,53231.0,12194.8,9.6,0.16,4.6125,4.4,65.4,198115216.55840105,65850.0,154.867717956959,900112.0,792.0,32.883,117181.0
2009-09-01,148.025,53381.0,12230.6,9.8,0.15,4.4925,5.5,65.1,198362395.499829,65850.0,148.563669439578,887241.0,721.0,32.883,117181.0
2009-10-01,147.85,53531.0,12193.2,10.0,0.12,4.39,5.1,65.0,198618566.659451,65850.0,161.88819495353,871391.0,746.0,32.883,117181.0
2009-11-01,148.134,53581.666666666664,12224.4,9.9,0.12,4.3425,5.5,65.0,198613900.547094,65850.0,167.28240524265,858493.0,844.0,32.883,117181.0
2009-12-01,147.929,53632.333333333336,12280.2,9.9,0.12,4.392,5.4,64.6,198622777.171291,65850.0,169.081397747495,842609.0,750.0,32.883,117181.0
2010-01-01,147.39600000000002,53683.0,12285.8,9.8,0.11,4.435,5.6,64.8,198064131.621042,64300.0,178.41947067921,822114.0,689.0,32.669,117538.0
2010-02-01,145.631,53822.0,12292.0,9.8,0.13,4.3675,5.3,64.9,198328300.957783,64300.0,172.419006521773,814885.0,670.0,32.669,117538.0
2010-03-01,145.859,53961.0,12340.3,9.9,0.16,4.33,5.3,64.9,198648956.056007,64300.0,177.043925116846,821849.0,635.0,32.669,117538.0
2010-04-01,146.403,54100.0,12447.1,9.9,0.2,4.418,6.0,65.2,199116837.453571,64300.0,185.834204822904,829664.0,737.0,32.669,117538.0
2010-05-01,146.394,54200.333333333336,12540.3,9.6,0.2,4.2775,6.4,64.9,199225487.91262695,64300.0,171.381834659046,823447.0,702.0,32.669,117538.0
2010-06-01,145.721,54300.666666666664,12544.3,9.4,0.18,4.175,6.2,64.6,198999262.421882,64300.0,171.550033939702,821943.0,894.0,32.669,117538.0
2010-07-01,144.991,54401.0,12554.2,9.4,0.18,4.04,6.1,64.6,199105074.427268,64300.0,170.909086633409,799694.0,572.0,32.669,117538.0
2010-08-01,143.916,54457.0,12591.4,9.5,0.19,3.9075,6.2,64.7,199360082.210574,64300.0,172.006819754741,802030.0,592.0,32.669,117538.0
2010-09-01,143.019,54513.0,12589.9,9.5,0.19,3.81,6.1,64.6,199591386.883824,64300.0,171.978027456354,807728.0,632.0,32.669,117538.0
2010-10-01,142.531,54569.0,12592.5,9.4,0.19,3.66,5.9,64.4,199860409.9584,64300.0,181.749423910817,801372.0,605.0,32.669,117538.0
2010-11-01,142.173,54493.0,12605.1,9.8,0.19,3.6825,5.8,64.6,199933840.025682,64300.0,188.430479797526,804151.0,552.0,32.669,117538.0
2010-12-01,142.06,54417.0,12680.6,9.3,0.18,4.058,6.2,64.3,199961557.434899,64300.0,200.596439773715,789395.0,565.0,32.669,117538.0
2011-01-01,141.52100000000002,54341.0,12740.1,9.1,0.17,4.0875,6.6,64.2,199070588.283022,63350.0,208.932671985744,759964.0,520.0,34.23,119927.0
2011-02-01,140.35,54430.666666666664,12776.6,9.0,0.16,4.215,6.9,64.1,199328475.322804,63350.0,216.000528575678,758376.0,615.0,34.23,119927.0
2011-03-01,139.981,54520.333333333336,12742.7,9.0,0.14,4.08,6.3,64.2,199524091.216163,63350.0,233.841821904619,769157.0,591.0,34.23,119927.0
2011-04-01,140.01,54610.0,12721.3,9.1,0.1,4.055,6.3,64.2,199950702.45863,63350.0,250.730026968411,769437.0,549.0,34.23,119927.0
2011-05-01,139.905,54567.333333333336,12705.3,9.0,0.09,3.8225,6.3,64.1,200048232.572712,63350.0,238.786784479992,775251.0,549.0,34.23,119927.0
2011-06-01,139.862,54524.666666666664,12756.9,9.1,0.09,3.694,6.5,64.0,199917201.43496,63350.0,236.265966676199,794839.0,579.0,34.23,119927.0
2011-07-01,139.73,54482.0,12805.6,9.0,0.07,3.68,6.7,64.0,200019712.799292,63350.0,241.704074238477,792381.0,634.0,34.23,119927.0
2011-08-01,139.309,54647.666666666664,12799.7,9.0,0.1,3.46,6.7,64.1,200121131.328388,63350.0,229.029431380039,811953.0,614.0,34.23,119927.0
2011-09-01,138.668,54813.333333333336,12781.7,9.0,0.08,3.318,6.4,64.2,200261981.843865,63350.0,229.291360431155,813660.0,603.0,34.23,119927.0
2011-10-01,137.952,54979.0,12791.9,8.8,0.07,3.3475,6.3,64.1,200456315.211364,63350.0,227.72318632522,808378.0,566.0,34.23,119927.0
2011-11-01,137.15200000000002,55100.0,12782.7,8.6,0.08,3.305,6.4,64.1,200414593.178849,63350.0,234.303517671319,812050.0,585.0,34.23,119927.0
2011-12-01,136.674,55221.0,12898.5,8.5,0.07,3.246,7.2,64.0,200418323.18193,63350.0,231.531830401329,821367.0,610.0,34.23,119927.0
2012-01-01,136.607,55342.0,12967.5,8.3,0.08,3.2,7.4,63.7,201012879.326228,63350.0,234.561993004392,830610.0,545.0,33.283,121084.0
2012-02-01,136.533,55391.333333333336,13029.6,8.3,0.1,3.1625,7.3,63.8,201108274.046387,63350.0,242.492106949393,824368.0,561.0,33.283,121084.0
2012-03-01,137.904,55440.666666666664,13066.4,8.2,0.13,3.198,7.6,63.8,201199800.545114,63350.0,251.477586578673,829288.0,582.0,33.283,121084.0
2012-04-01,139.154,55490.0,13116.5,8.2,0.14,3.1425,7.9,63.7,201473874.824689,63350.0,244.602440376174,841740.0,671.0,33.283,121084.0
2012-05-01,140.155,55478.0,13112.5,8.2,0.16,3.034,7.9,63.7,201512387.169875,63350.0,226.811417850343,850928.0,626.0,33.283,121084.0
2012-06-01,141.029,55466.0,13097.2,8.2,0.16,2.9525,7.9,63.8,201442085.960376,63350.0,203.84606219857,858009.0,625.0,33.283,121084.0
2012-07-01,141.66899999999998,55454.0,12999.8,8.2,0.16,2.845,7.0,63.7,201434361.59993,63350.0,213.550184112094,858934.0,676.0,33.283,121084.0
2012-08-01,142.279,55437.0,12961.6,8.1,0.13,2.86,6.7,63.5,201503946.658442,63350.0,227.100652030527,862726.0,684.0,33.283,121084.0
2012-09-01,142.908,55420.0,13053.1,7.8,0.14,2.8025,7.2,63.6,201622437.000035,63350.0,228.604174161606,866588.0,652.0,33.283,121084.0
2012-10-01,143.6,55403.0,13142.0,7.8,0.16,2.6925,7.8,63.8,201721747.344093,63350.0,223.582281780183,875366.0,730.0,33.283,121084.0
2012-11-01,144.585,55555.0,13315.7,7.7,0.16,2.662,8.7,63.6,201770072.049884,63350.0,220.239028555248,872052.0,668.0,33.283,121084.0
2012-12-01,145.503,55707.0,13642.7,7.9,0.16,2.6575,10.9,63.7,201889077.49231097,63350.0,220.583781936685,871809.0,677.0,33.283,121084.0
2013-01-01,146.827,55859.0,12845.5,8.0,0.14,2.696,4.9,63.7,201739926.713021,65740.0,226.609992657721,862722.0,714.0,33.213,122459.0
2013-02-01,147.785,55877.333333333336,12813.9,7.7,0.15,2.7675,4.7,63.4,201879587.833252,65740.0,230.718606428011,873583.0,729.0,33.213,122459.0
2013-03-01,149.963,55895.666666666664,12852.1,7.5,0.14,2.7575,4.8,63.3,202092974.712288,65740.0,224.634418455802,864510.0,816.0,33.213,122459.0
2013-04-01,151.519,55914.0,12893.4,7.6,0.15,2.66,5.1,63.4,202114604.53795,65740.0,219.154640961809,879728.0,712.0,33.213,122459.0
2013-05-01,152.85,56033.333333333336,12954.2,7.5,0.11,2.722,5.3,63.4,202300530.337311,65740.0,218.779877661479,888752.0,708.0,33.213,122459.0
2013-06-01,154.19899999999998,56152.666666666664,12955.7,7.5,0.09,3.1675,5.4,63.4,202335339.614864,65740.0,218.338094747412,899295.0,736.0,33.213,122459.0
2013-07-01,155.60399999999998,56272.0,12941.8,7.3,0.09,3.43,5.2,63.3,202343929.264849,65740.0,225.475015758846,917756.0,784.0,33.213,122459.0
2013-08-01,156.965,56395.333333333336,12969.6,7.2,0.08,3.488,5.2,63.3,202433138.888136,65740.0,230.587951532211,929061.0,765.0,33.213,122459.0
2013-09-01,158.227,56518.666666666664,13027.5,7.2,0.08,3.5225,5.3,63.2,202607857.442801,65740.0,232.537593803913,938121.0,776.0,33.213,122459.0
2013-10-01,159.24200000000002,56642.0,12974.6,7.2,0.09,3.274,4.7,62.8,202635928.413109,65740.0,227.898978145242,951214.0,801.0,33.213,122459.0
2013-11-01,160.07399999999998,56543.0,12998.9,6.9,0.08,3.2975,4.5,63.0,202701720.34911,65740.0,223.872487853245,964122.0,839.0,33.213,122459.0
2013-12-01,160.994,56444.0,13019.1,6.7,0.09,3.4825,4.5,62.9,202726176.172807,65740.0,231.95105343407,979211.0,778.0,33.213,122459.0
2014-01-01,161.92700000000002,56345.0,13079.5,6.6,0.07,3.48,5.2,62.9,202493411.868639,64900.0,227.618249803187,986587.0,838.0,33.806,123229.0
2014-02-01,162.526,56552.666666666664,13148.0,6.7,0.07,3.35,5.3,62.9,202561070.650782,64900.0,233.574505017621,987538.0,876.0,33.806,123229.0
2014-03-01,163.086,56760.333333333336,13219.9,6.7,0.08,3.36,5.2,63.1,202693607.013295,64900.0,227.200770414853,991157.0,893.0,33.806,123229.0
2014-04-01,163.393,56968.0,13270.2,6.2,0.09,3.3925,5.4,62.8,202799483.716883,64900.0,229.025754826052,1006901.0,834.0,33.806,123229.0
2014-05-01,163.66,57157.333333333336,13312.9,6.3,0.09,3.29,5.6,62.9,202923873.293004,64900.0,229.448481461139,1007147.0,891.0,33.806,123229.0
2014-06-01,164.062,57346.666666666664,13360.4,6.1,0.1,3.265,5.6,62.8,203093194.09441105,64900.0,233.603396624537,1006424.0,800.0,33.806,123229.0
2014-07-01,164.577,57536.0,13386.8,6.2,0.09,3.236,5.5,62.9,203116450.810818,64900.0,225.162905183716,1014935.0,839.0,33.806,123229.0
2014-08-01,165.215,57591.333333333336,13445.9,6.1,0.09,3.2475,5.3,62.9,203209765.041602,64900.0,216.431550059979,1015096.0,908.0,33.806,123229.0
2014-09-01,165.905,57646.666666666664,13486.3,5.9,0.09,3.3075,5.5,62.8,203253731.075518,64900.0,209.128667563681,1021890.0,975.0,33.806,123229.0
2014-10-01,166.642,57702.0,13550.7,5.7,0.09,3.21,5.4,62.9,203283833.574695,64900.0,191.532205264236,1046402.0,920.0,33.806,123229.0
2014-11-01,167.335,57841.666666666664,13624.4,5.8,0.09,3.1875,5.6,62.9,203371703.641928,64900.0,177.382124804231,1044893.0,863.0,33.806,123229.0
2014-12-01,168.05,57981.333333333336,13719.1,5.6,0.12,3.128,6.0,62.8,203426054.88517305,64900.0,147.739732100836,1056429.0,955.0,33.806,123229.0
2015-01-01,168.634,58121.0,13797.7,5.7,0.11,2.985,6.3,62.9,203882371.279071,68410.0,122.036323802349,1061241.0,954.0,34.859,124587.0
2015-02-01,169.13,58206.0,13848.0,5.5,0.11,3.0075,6.4,62.7,203937741.558208,68410.0,133.647404465726,1072895.0,863.0,34.859,124587.0
2015-03-01,169.8,58291.0,13811.3,5.4,0.11,3.04,5.9,62.6,204002981.996736,68410.0,128.307725292163,1086748.0,781.0,34.859,124587.0
2015-04-01,170.298,58376.0,13842.0,5.4,0.12,2.942,5.9,62.8,204017514.634363,68410.0,130.528800262361,1115619.0,1001.0,34.859,124587.0
2015-05-01,170.88099999999997,58412.666666666664,13865.6,5.6,0.12,3.0625,5.8,62.9,204232987.717287,68410.0,137.483493678026,1135433.0,1012.0,34.859,124587.0
2015-06-01,171.46900000000002,58449.333333333336,13874.1,5.3,0.13,3.1925,5.7,62.7,204417752.572942,68410.0,134.156901538063,1158193.0,962.0,34.859,124587.0
2015-07-01,172.13,58486.0,13905.7,5.2,0.13,3.214,5.6,62.6,204506088.881945,68410.0,122.938901012481,1154561.0,988.0,34.859,124587.0
2015-08-01,172.937,58480.666666666664,13935.8,5.1,0.14,3.1275,5.6,62.6,204556122.755438,68410.0,109.227291781617,1164377.0,974.0,34.859,124587.0
2015-09-01,173.828,58475.333333333336,13972.2,5.0,0.14,3.095,5.8,62.4,204527761.662847,68410.0,109.025265965182,1163937.0,1040.0,34.859,124587.0
2015-10-01,174.792,58470.0,13996.9,5.0,0.12,3.01,5.8,62.5,204580177.077722,68410.0,108.899219049416,1151533.0,985.0,34.859,124587.0
2015-11-01,175.739,58548.0,13993.4,5.1,0.12,3.1625,5.6,62.5,204606894.698126,68410.0,101.266141873884,1145510.0,1000.0,34.859,124587.0
2015-12-01,176.543,58626.0,14060.2,5.0,0.24,3.206,5.8,62.7,204720548.387829,68410.0,90.2679848842885,1156354.0,1023.0,34.859,124587.0
2016-01-01,177.274,58704.0,14121.1,4.8,0.34,3.155,6.1,62.7,205109771.430019,70840.0,77.6354685322573,1160988.0,1056.0,37.55,125819.0
2016-02-01,177.649,58731.666666666664,14135.3,4.9,0.38,2.96,5.6,62.8,205162885.835179,70840.0,77.7887428262812,1172851.0,1037.0,37.55,125819.0
2016-03-01,178.16400000000002,58759.333333333336,14135.4,5.0,0.36,2.966,5.9,63.0,205294868.071864,70840.0,87.6656184920498,1188776.0,1003.0,37.55,125819.0
2016-04-01,178.767,58787.0,14106.2,5.1,0.37,2.87,5.5,62.9,205241855.30181,70840.0,92.5437288917509,1185902.0,945.0,37.55,125819.0
2016-05-01,179.43,58886.0,14095.5,4.8,0.37,2.8425,5.3,62.7,205444475.592398,70840.0,101.483666634806,1190685.0,1000.0,37.55,125819.0
2016-06-01,180.082,58985.0,14104.9,4.9,0.38,2.842,4.9,62.7,205611840.100965,70840.0,106.692990860292,1217604.0,1109.0,37.55,125819.0
2016-07-01,180.832,59084.0,14160.1,4.8,0.39,2.7475,5.1,62.8,205721546.247137,70840.0,101.772659015326,1214532.0,1072.0,37.55,125819.0
2016-08-01,181.852,59154.666666666664,14176.7,4.9,0.4,2.745,5.1,62.9,205719975.952004,70840.0,103.376309915595,1221250.0,1054.0,37.55,125819.0
2016-09-01,182.824,59225.333333333336,14209.1,5.0,0.4,2.756,5.1,62.9,205746285.757389,70840.0,104.633556078718,1232438.0,1035.0,37.55,125819.0
2016-10-01,183.751,59296.0,14235.4,4.9,0.4,2.7625,5.3,62.8,205823439.447656,70840.0,115.260960292251,1241100.0,1070.0,37.55,125819.0
2016-11-01,184.759,59362.0,14273.6,4.7,0.41,3.0275,5.4,62.7,205811828.227144,70840.0,108.444292816484,1264881.0,1244.0,37.55,125819.0
2016-12-01,185.722,59428.0,14313.7,4.7,0.54,3.428,5.0,62.7,205949625.567472,70840.0,122.702005644189,1270443.0,1101.0,37.55,125819.0
2017-01-01,186.805,59494.0,14373.7,4.7,0.65,3.3875,5.3,62.8,205344403.837718,72090.0,127.826696489188,1254583.0,1081.0,35.771,126224.0
2017-02-01,187.315,59574.666666666664,14416.8,4.6,0.66,3.38,5.6,62.9,205351513.930728,72090.0,125.617606834217,1275911.0,1148.0,35.771,126224.0
2017-03-01,187.993,59655.333333333336,14476.3,4.4,0.79,3.414,5.6,62.9,205267918.37708,72090.0,115.772553832653,1272724.0,1147.0,35.771,126224.0
2017-04-01,188.725,59736.0,14509.3,4.4,0.9,3.3,5.7,63.0,205393193.929005,72090.0,119.225759330065,1269079.0,1069.0,35.771,126224.0
2017-05-01,189.617,59857.0,14610.7,4.4,0.91,3.255,6.3,62.8,205502426.80103895,72090.0,114.46223948284,1282926.0,1170.0,35.771,126224.0
2017-06-01,190.51,59978.0,14618.7,4.3,1.04,3.174,6.0,62.8,205687226.297763,72090.0,107.906362641047,1277352.0,1236.0,35.771,126224.0
2017-07-01,191.452,60099.0,14660.2,4.3,1.15,3.235,6.0,62.9,205738306.568501,72090.0,111.27206475027,1275888.0,1173.0,35.771,126224.0
2017-08-01,192.665,60290.666666666664,14678.3,4.4,1.16,3.16,6.1,62.9,205719781.084534,72090.0,117.624086183498,1274974.0,1107.0,35.771,126224.0
2017-09-01,193.759,60482.333333333336,14706.0,4.3,1.15,3.105,5.9,63.1,205689659.650249,72090.0,125.572515892763,1281172.0,1113.0,35.771,126224.0
2017-10-01,194.804,60674.0,14748.6,4.2,1.15,3.2,6.0,62.7,205674728.188026,72090.0,129.925088291476,1283266.0,1196.0,35.771,126224.0
2017-11-01,195.955,60813.666666666664,14771.1,4.2,1.16,3.288,5.6,62.7,205660685.323879,72090.0,140.765423018447,1308896.0,1182.0,35.771,126224.0
2017-12-01,197.172,60953.333333333336,14797.9,4.1,1.3,3.385,5.0,62.7,205804333.906644,72090.0,143.637979173419,1313666.0,1200.0,35.771,126224.0
2018-01-01,198.315,61093.0,14886.6,4.0,1.41,3.4825,5.7,62.7,206344543.075414,73030.0,152.812740382656,1336469.0,1208.0,38.859,127586.0
2018-02-01,199.232,61174.0,14921.1,4.1,1.42,3.785,5.8,63.0,206312186.569498,73030.0,147.221807973306,1355105.0,1288.0,38.859,127586.0
2018-03-01,199.966,61255.0,14974.8,4.0,1.51,3.91,5.9,62.9,206372831.658204,73030.0,147.282110157735,1344968.0,1181.0,38.859,127586.0
2018-04-01,200.658,61336.0,15007.2,4.0,1.69,3.925,6.0,62.9,206276661.888112,73030.0,151.756233761497,1355101.0,1224.0,38.859,127586.0
2018-05-01,201.425,61431.333333333336,15057.8,3.8,1.7,4.066,6.0,62.9,206525473.357245,73030.0,162.898254687632,1362364.0,1262.0,38.859,127586.0
2018-06-01,202.233,61526.666666666664,15119.3,4.0,1.82,4.04,6.3,63.0,206659173.823112,73030.0,163.175141815922,1343214.0,1212.0,38.859,127586.0
2018-07-01,202.913,61622.0,15184.7,3.8,1.91,4.0075,6.5,63.0,206655624.781373,73030.0,164.473377966392,1336631.0,1150.0,38.859,127586.0
2018-08-01,203.689,61621.0,15238.6,3.8,1.91,4.018,6.6,62.6,206658042.804232,73030.0,163.167846533993,1340449.0,1262.0,38.859,127586.0
2018-09-01,204.349,61620.0,15237.5,3.7,1.95,4.08,6.8,62.8,206634780.35646105,73030.0,172.605783575972,1326111.0,1187.0,38.859,127586.0
2018-10-01,205.112,61619.0,15274.1,3.8,2.19,4.2475,6.7,62.9,206625758.029937,73030.0,172.287544875428,1310946.0,1122.0,38.859,127586.0
2018-11-01,205.669,61709.0,15315.2,3.8,2.2,4.282,6.5,62.9,206649232.130241,73030.0,148.043063047674,1300694.0,1131.0,38.859,127586.0
2018-12-01,206.156,61799.0,15506.5,3.9,2.27,4.09,8.4,63.0,206768336.69479,73030.0,132.6931816386,1289930.0,1053.0,38.859,127586.0
2019-01-01,206.539,61889.0,15501.7,4.0,2.4,3.906,8.2,63.1,206195132.976976,78250.0,132.837897195512,1296049.0,1258.0,40.185,128579.0
2019-02-01,206.862,62036.333333333336,15553.7,3.8,2.4,3.8,8.5,63.1,206161240.463152,78250.0,135.187803319121,1312040.0,1334.0,40.185,128579.0
2019-03-01,207.066,62183.666666666664,15568.9,3.8,2.41,3.7175,7.9,63.0,206102863.946716,78250.0,137.135341779574,1322532.0,1301.0,40.185,128579.0
2019-04-01,207.513,62331.0,15524.4,3.6,2.42,3.605,7.7,62.9,206172550.777842,78250.0,142.678897730099,1353657.0,1329.0,40.185,128579.0
2019-05-01,208.136,62535.666666666664,15519.6,3.7,2.39,3.534,7.3,62.9,206450917.997713,78250.0,137.663088499814,1364421.0,1226.0,40.185,128579.0
2019-06-01,208.649,62740.333333333336,15546.4,3.6,2.38,3.2375,7.1,63.0,206561471.831503,78250.0,122.075818909474,1383309.0,1169.0,40.185,128579.0
2019-07-01,209.287,62945.0,15565.7,3.7,2.4,3.2025,6.8,63.1,206406247.33032,78250.0,125.732460316235,1410749.0,1219.0,40.185,128579.0
2019-08-01,210.093,63049.0,15654.1,3.7,2.13,3.082,7.0,63.1,206400190.485784,78250.0,117.138291954721,1426091.0,1294.0,40.185,128579.0
2019-09-01,210.904,63153.0,15691.3,3.5,2.04,3.115,7.2,63.2,206317795.986342,78250.0,122.437301774977,1438119.0,1150.0,40.185,128579.0
2019-10-01,211.791,63257.0,15718.1,3.6,1.83,3.142,7.3,63.3,206248793.258298,78250.0,119.797167150738,1442150.0,1294.0,40.185,128579.0
2019-11-01,212.787,62949.0,15778.2,3.6,1.55,3.1575,7.1,63.3,206324586.903383,78250.0,127.631461684005,1463036.0,1244.0,40.185,128579.0
2019-12-01,213.933,62641.0,15684.8,3.6,1.55,3.1775,6.4,63.3,206397971.567839,78250.0,131.104220041825,1466415.0,1310.0,40.185,128579.0
2020-01-01,214.99400000000003,62333.0,15852.5,3.5,1.55,3.072,7.2,63.3,205738360.634943,76660.0,126.142073238145,1494117.0,1302.0,44.147,128451.0
2020-02-01,215.864,60684.0,15918.0,3.5,1.58,2.97,7.7,63.3,205608674.614351,76660.0,109.289359074945,1501790.0,1271.0,44.147,128451.0
2020-03-01,216.402,59035.0,15696.3,4.4,0.65,2.885,12.5,62.6,205444401.983235,76660.0,72.9941675035191,1506335.0,1247.0,44.147,128451.0
2020-04-01,216.812,57386.0,18020.2,14.7,0.05,2.804,32.0,60.1,206991879.722064,76660.0,55.8905124412157,1460471.0,1207.0,44.147,128451.0
2020-05-01,216.98,58859.333333333336,17104.6,13.2,0.05,2.6925,22.7,60.8,206806811.868266,76660.0,68.0114992942952,1452086.0,1171.0,44.147,128451.0
2020-06-01,217.616,60332.666666666664,17035.0,11.0,0.08,2.6025,18.4,61.5,205516631.83436105,76660.0,82.3975635948022,1459188.0,1244.0,44.147,128451.0
2020-07-01,219.378,61806.0,17193.2,10.2,0.09,2.52,17.9,61.5,205383291.36988705,76660.0,86.4165473565575,1470971.0,1314.0,44.147,128451.0
2020-08-01,222.391,62008.666666666664,16525.8,8.4,0.1,2.475,14.0,61.7,205756721.971442,76660.0,93.2271857476264,1489640.0,1238.0,44.147,128451.0
2020-09-01,225.837,62211.333333333336,16607.9,7.9,0.09,2.385,13.2,61.4,206102392.89660496,76660.0,91.2975553598975,1510182.0,1446.0,44.147,128451.0
2020-10-01,229.753,62414.0,16561.9,6.9,0.09,2.346,12.8,61.7,206062967.906825,76660.0,95.4028571823368,1534900.0,1370.0,44.147,128451.0
2020-11-01,233.208,62685.0,16368.1,6.7,0.09,2.305,12.1,61.5,206157848.349687,76660.0,100.89541152644,1550976.0,1240.0,44.147,128451.0
2020-12-01,236.486,62956.0,16406.1,6.7,0.09,2.218,12.0,61.5,206072530.61728495,76660.0,118.493979515052,1572760.0,1386.0,44.147,128451.0
2021-01-01,239.56,63227.0,18107.3,6.3,0.09,2.2,19.3,61.3,204942957.947155,76330.0,138.446272490708,1606561.0,1344.0,45.299,129224.0
2021-02-01,242.36900000000003,63537.0,16604.9,6.2,0.08,2.2375,12.8,61.4,204900632.51885095,76330.0,137.664908345644,1585044.0,1322.0,45.299,129224.0
2021-03-01,245.465,63847.0,20422.6,6.1,0.07,2.3925,26.1,61.5,205013086.55691305,76330.0,142.136548338262,1613045.0,1459.0,45.299,129224.0
2021-04-01,249.07,64157.0,17316.6,6.1,0.07,2.364,12.3,61.6,205390470.988754,76330.0,143.193714211993,1615638.0,1438.0,45.299,129224.0
2021-05-01,253.407,64309.666666666664,16819.1,5.8,0.06,2.28,9.9,61.5,205611509.059514,76330.0,154.557474298451,1628281.0,1337.0,45.299,129224.0
2021-06-01,258.358,64462.333333333336,16736.3,5.9,0.08,2.27,8.7,61.7,205376625.956331,76330.0,170.895141089492,1639779.0,1298.0,45.299,129224.0
2021-07-01,262.82,64615.0,16836.1,5.4,0.1,2.18,9.4,61.8,205344083.081467,76330.0,181.349916097512,1658346.0,1361.0,45.299,129224.0
2021-08-01,266.845,64960.333333333336,16791.7,5.2,0.09,2.145,8.7,61.7,205334928.579499,76330.0,183.806514750323,1666756.0,1312.0,45.299,129224.0
2021-09-01,270.377,65305.666666666664,16564.3,4.8,0.08,2.184,7.2,61.7,205452287.613564,76330.0,212.879064204438,1667332.0,1232.0,45.299,129224.0
2021-10-01,273.725,65651.0,16547.4,4.5,0.08,2.3075,6.6,61.8,205370913.422304,76330.0,256.460754221011,1685243.0,1259.0,45.299,129224.0
2021-11-01,277.21,65529.333333333336,16499.8,4.2,0.08,2.3575,6.2,61.9,205364326.70385203,76330.0,235.683331646882,1726586.0,1389.0,45.299,129224.0
2021-12-01,281.342,65407.666666666664,16418.5,3.9,0.08,2.348,6.1,62.0,205320479.360096,76330.0,239.991032497251,1754426.0,1337.0,45.299,129224.0
2022-01-01,285.92400000000004,65286.0,16080.8,4.0,0.08,2.66,4.1,62.2,207106806.899557,74580.0,241.377378261931,1796460.0,1256.0,48.021,131202.0
2022-02-01,291.153,65233.0,16092.7,3.8,0.08,2.9975,4.1,62.2,207104221.83809105,74580.0,260.048362621765,1823728.0,1371.0,48.021,131202.0
2022-03-01,296.445,65180.0,16028.1,3.6,0.2,3.39,3.4,62.4,207013003.70449,74580.0,331.78375933108,1849637.0,1356.0,48.021,131202.0
2022-04-01,300.573,65127.0,16042.6,3.6,0.33,4.215,3.1,62.2,207064955.401875,74580.0,300.53317790586,1882753.0,1361.0,48.021,131202.0
2022-05-01,303.762,65238.666666666664,16023.2,3.6,0.77,4.435,3.1,62.3,207270515.766814,74580.0,306.674979216909,1880896.0,1446.0,48.021,131202.0
2022-06-01,304.724,65350.333333333336,15963.4,3.6,1.21,4.652,2.7,62.2,207394728.33475,74580.0,328.123480404175,1873184.0,1392.0,48.021,131202.0
2022-07-01,303.879,65462.0,16109.3,3.5,1.68,4.6125,3.5,62.1,207407819.585438,74580.0,343.809997418561,1869262.0,1396.0,48.021,131202.0
2022-08-01,301.473,65569.0,16161.4,3.7,2.33,4.5625,3.2,62.3,207370650.96785697,74580.0,376.412082569145,1847285.0,1355.0,48.021,131202.0
2022-09-01,299.353,65676.0,16184.9,3.5,2.56,5.35,3.0,62.3,207453580.524705,74580.0,330.149585913898,1836930.0,1438.0,48.021,131202.0
2022-10-01,298.873,65783.0,16223.5,3.7,3.08,6.145,3.0,62.2,207431164.67844105,74580.0,259.858676189934,1830477.0,1348.0,48.021,131202.0
2022-11-01,298.269,65881.33333333333,16229.6,3.6,3.78,6.1375,3.3,62.2,207521914.19028,74580.0,256.859738716857,1842206.0,1543.0,48.021,131202.0
2022-12-01,297.413,65979.66666666667,16265.1,3.5,4.1,5.668,3.4,62.3,207524486.32236,74580.0,258.501791014275,1840896.0,1390.0,48.021,131202.0
2023-01-01,297.03,66078.0,16601.9,3.4,4.33,5.425,4.4,62.4,208146215.794072,74580.0,223.272585045353,1882199.0,1377.0,48.021,131434.0
